DataSet,MMC,AUROC,FPR@95
orig,0.9704580903053284,-,-
MNIST,0.8126788139343262,0.8752935499999999,0.39239999651908875
EMNIST,0.737298309803009,0.9150536499999999,0.24329999089241028
GrayCIFAR10,0.6802388429641724,0.9206816400000001,0.25349998474121094
Noise,0.6937074065208435,0.9491553945312499,0.10109374672174454
