DataSet,MMC,AUROC,FPR@95
orig,0.7229626774787903,-,-
SVHN,0.5767197608947754,0.680220265,0.07909999787807465
CIFAR100,0.6399838924407959,0.611138305,0.09519999474287033
LSUN_CR,0.7172199487686157,0.5205777777777778,0.1666666716337204
Imagenet-,0.6436548829078674,0.6073165600000001,0.09779999405145645
Noise,0.6030772924423218,0.63830623046875,0.2642187476158142
