,Base (TE: 5.14%),Base (TE: 5.14%),CEDA (TE: 4.82%),CEDA (TE: 4.82%),ODIN (TE: 5.19%),ODIN (TE: 5.19%),CCU (TE: 4.96%),CCU (TE: 4.96%)
,MMC,AUROC,MMC,AUROC,MMC,AUROC,MMC,AUROC
DataSet,,,,,,,,
orig,0.9847712516784668,0.0,0.9836158752441406,0.0,0.91416335105896,0.0,0.9834867715835571,0.0
MNIST,0.6573561429977417,0.97806573,0.7217538356781006,0.9662084649999999,0.4629666805267334,0.9979326000000001,0.6480297446250916,0.9762106450000001
EMNIST,0.6441062688827515,0.9794647788461539,0.6684116721153259,0.9732781322115385,0.49316689372062683,0.997142358173077,0.6564004421234131,0.9752660841346155
GrayCIFAR10,0.8515897393226624,0.9211447150000001,0.8435890674591064,0.9048856750000001,0.8072413206100464,0.92184737,0.5801814794540405,0.9636404350000001
Noise,0.7113214135169983,0.9735955483333334,0.7252359986305237,0.9696161416666667,0.6216567754745483,0.9595129366666668,0.6498032808303833,0.9689396333333333
UniformNoise,0.7614821791648865,0.9680609765625,0.7394099235534668,0.9701916406250001,0.5153947472572327,0.996843671875,0.10000000149011612,0.9998
