DataSet,MMC,AUROC,FPR@95
MNIST,0.8391595482826233,-,-
FMNIST,0.7109275460243225,0.70487548,0.12389999628067017
EMNIST,0.7144501209259033,0.674388805,0.19290000200271606
GrayCIFAR10,0.7981685400009155,0.57182451,0.27879998087882996
Noise,0.5125301480293274,0.8877716430555556,0.0
Adv. Noise,0.824207067489624,0.44773731257208765,0.587647020816803
Adv. Sample,0.8264756798744202,0.5762245290272971,0.16078431904315948
