DataSet,MMC,AUROC,FPR@95
orig,0.9755138158798218,-,-
CIFAR10,0.5649123191833496,0.95306029,0.13819999992847443
CIFAR100,0.5388916730880737,0.95030452,0.15160000324249268
LSUN_CR,0.1616484373807907,0.9894722222222222,0.02666666731238365
Imagenet-,0.20724496245384216,0.98814148,0.03659999743103981
Noise,0.671148955821991,0.944790017548767,0.15268798172473907
