DataSet,MMC,AUROC,FPR@95
orig,0.7081802487373352,-,-
MNIST,0.2145177125930786,0.812165465,0.08500000089406967
EMNIST,0.42988860607147217,0.723125615,0.15439999103546143
GrayCIFAR10,0.39716315269470215,0.7458826349999998,0.10679999738931656
Noise,0.7429981827735901,0.58068873046875,0.5095312595367432
