DataSet,MMC,AUROC,FPR@95
orig,0.9307013154029846,-,-
CIFAR10,0.38917437195777893,0.96497985,0.010699999518692493
CIFAR100,0.3776043951511383,0.9636388149999999,0.01599999889731407
LSUN_CR,0.14484281837940216,0.9917222222222222,0.0033333334140479565
Imagenet-,0.16966916620731354,0.99085197,0.003399999812245369
Noise,0.4908856451511383,0.9557227740638474,0.01083572767674923
