DataSet,MMC,AUROC,FPR@95
MNIST,0.510050356388092,-,-
FMNIST,0.16443218290805817,0.9558813,0.0
EMNIST,0.3642975091934204,0.7420158,0.0
GrayCIFAR10,0.10147720575332642,0.9988947,0.0
Noise,0.10006341338157654,0.9991498,0.0
Adv. Noise,0.10007057338953018,1.0,0.0
Adv. Sample,0.48914164304733276,0.4949808,0.0
