DataSet,MMC,AUROC,FPR@95
orig,0.9616541862487793,-,-
SVHN,0.7627463936805725,0.9089725549999998,0.17909999191761017
CIFAR100,0.7810372114181519,0.8692685549999999,0.31540000438690186
LSUN_CR,0.7151060104370117,0.911638888888889,0.2133333384990692
Imagenet-,0.7159997820854187,0.877208725,0.2902999818325043
Noise,0.8267243504524231,0.88566505859375,0.22328124940395355
