DataSet,MMC,AUROC,FPR@95
orig,0.9758585095405579,-,-
CIFAR10,0.5726749897003174,0.94924879,0.1525999903678894
CIFAR100,0.5414904356002808,0.9485741400000001,0.15529999136924744
LSUN_CR,0.16147564351558685,0.992,0.019999999552965164
Imagenet-,0.2131689339876175,0.987006905,0.040699999779462814
Noise,0.6815100312232971,0.9466031951980115,0.14795857667922974
