DataSet,MMC,AUROC,FPR@95
orig,0.960875391960144,-,-
SVHN,0.7711389064788818,0.9031258900000001,0.21939998865127563
CIFAR100,0.7808574438095093,0.870187765,0.31610000133514404
LSUN_CR,0.7101699709892273,0.9050722222222223,0.1899999976158142
Imagenet-,0.7166284322738647,0.8795121,0.28509998321533203
Noise,0.7576202154159546,0.89769314453125,0.23835937678813934
