DataSet,MMC,AUROC,FPR@95
orig,0.09999994933605194,-,-
MNIST,0.09999994933605194,0.5,0.0
EMNIST,0.09999994933605194,0.5,0.0
GrayCIFAR10,0.09999994933605194,0.5,0.0
Noise,0.09999995678663254,0.4999609375,0.0
