DataSet,MMC,AUROC,FPR@95
orig,0.7532759308815002,-,-
SVHN,0.541300356388092,0.7689814700000001,0.008799999952316284
CIFAR100,0.5629587769508362,0.7367694900000001,0.03839999809861183
LSUN_CR,0.5335565209388733,0.7553999999999998,0.03333333507180214
Imagenet-,0.5255002379417419,0.753152755,0.04800000041723251
Noise,0.6043027639389038,0.7048517968750001,0.015390624292194843
