DataSet,MMC,AUROC,FPR@95
orig,0.9830275177955627,-,-
MNIST,0.6789777874946594,0.9729959650000001,0.12039999663829803
EMNIST,0.659204363822937,0.97468669,0.10249999910593033
GrayCIFAR10,0.19079157710075378,0.9914743400000001,0.04479999840259552
Noise,0.34288063645362854,0.9939194960937499,0.012968749739229679
