DataSet,MMC,AUROC,FPR@95
orig,0.9281270503997803,-,-
MNIST,0.7587054967880249,0.8211517399999999,0.23919999599456787
EMNIST,0.7027282118797302,0.832842705,0.21639999747276306
GrayCIFAR10,0.18531544506549835,0.97815711,0.02539999969303608
Noise,0.4754779636859894,0.9267771914062501,0.0905468761920929
