DataSet,MMC,AUROC,FPR@95
orig,0.9836426973342896,-,-
CIFAR10,0.5799853205680847,0.95670191,0.17189998924732208
CIFAR100,0.5435959100723267,0.9564103,0.16820000112056732
LSUN_CR,0.16264371573925018,0.9953944444444445,0.019999999552965164
Imagenet-,0.2132701575756073,0.98844059,0.04639999940991402
Noise,0.737330436706543,0.9472195268538852,0.28801482915878296
