DataSet,MMC,AUROC,FPR@95
orig,0.9844689965248108,-,-
CIFAR10,0.5675289630889893,0.9575555899999999,0.1623999923467636
CIFAR100,0.5299888253211975,0.957839735,0.15439999103546143
LSUN_CR,0.1586706042289734,0.9953444444444444,0.01666666753590107
Imagenet-,0.211387500166893,0.9886132549999999,0.041999999433755875
Noise,0.6394413709640503,0.9657066973375459,0.13799089193344116
