DataSet,MMC,AUROC,FPR@95
orig,0.6710779070854187,-,-
MNIST,0.23120412230491638,0.752717385,0.14350000023841858
EMNIST,0.5523344278335571,0.488909965,0.4893999993801117
GrayCIFAR10,0.3884825110435486,0.71589749,0.10999999940395355
Noise,0.7738478779792786,0.34855312890625,0.6150000095367432
