DataSet,MMC,AUROC,FPR@95
orig,0.93069988489151,-,-
SVHN,0.7568838000297546,0.8443352,0.1988999992609024
CIFAR100,0.7448230385780334,0.8291079750000001,0.24079999327659607
LSUN_CR,0.682757556438446,0.8652,0.1666666716337204
Imagenet-,0.6753221750259399,0.8503442999999999,0.20829999446868896
Noise,0.7604923248291016,0.8359318398437501,0.21015624701976776
