DataSet,MMC,AUROC,FPR@95
orig,0.9696272015571594,-,-
SVHN,0.6610569357872009,0.95218505,0.09919999539852142
CIFAR100,0.7893690466880798,0.87334061,0.34630000591278076
LSUN_CR,0.727435290813446,0.9195777777777777,0.23333333432674408
Imagenet-,0.7192749381065369,0.8787779750000001,0.3084999918937683
Noise,0.6309084892272949,0.959655015625,0.07851562649011612
