DataSet,MMC,AUROC,FPR@95
MNIST,0.9876501560211182,-,-
CIFAR10,0.7431195378303528,0.9511390999999999,0.25619998574256897
CIFAR100,0.7368115186691284,0.9540600100000001,0.24929998815059662
LSUN_CR,0.7351608276367188,0.9523,0.24666666984558105
Imagenet-,0.7303662896156311,0.955624395,0.2377999871969223
Noise,0.7234154939651489,0.9675720180840849,0.21634380519390106
Adv. Noise,0.9177506566047668,0.4421688196847366,0.7025489807128906
Adv. Sample,0.9999997019767761,0.0,1.0
