DataSet,MMC,AUROC,FPR@95
MNIST,0.978649377822876,-,-
CIFAR10,0.8365640640258789,0.90924006,0.4072999954223633
CIFAR100,0.8409083485603333,0.8801426299999999,0.4558999836444855
LSUN_CR,0.7925223708152771,0.919561111111111,0.33000001311302185
Imagenet-,0.8327454924583435,0.8758333850000001,0.4375999867916107
Noise,0.6957820653915405,0.9219732103880448,0.31702592968940735
Adv. Noise,0.9942758083343506,0.12416149557862362,0.9782353043556213
Adv. Sample,0.9999999403953552,0.00014225297962322175,1.0
